Source,Target,buyercod,sellercod,desig2,desc,nrdel,buyer,seller,tivunit,tivorder,tivdel,longSource,latSource,longDest,latDest
20,92,DRC,BEL,M-3A1 Scout Car,APV,15,Congo,Belgium,0.044,0.66,0.66,4.469936,50.503887,21.758664,-4.038333
20,92,DRC,BEL,M-8 Greyhound,Armoured car,15,Congo,Belgium,0.076,1.14,1.14,4.469936,50.503887,21.758664,-4.038333
20,35,KAT,BEL,DH-114 Heron,Light transport ac,1,Katanga,Belgium,0.6,0.6,0.6,4.469936,50.503887,65.865034,-25.559085
20,35,KAT,BEL,T-6 Texan,Trainer aircraft,8,Katanga,Belgium,0.128,1.024,1.024,4.469936,50.503887,65.865034,-25.559085
1,95,PAR,BRA,PT-19 Cornell,Trainer aircraft,5,Paraguay,Brazil,0.048,0.24,0.24,-51.92528,-14.235004,-58.443832,-23.442503
1,95,PAR,BRA,T-6 Texan,Trainer aircraft,14,Paraguay,Brazil,0.128,1.792,1.792,-51.92528,-14.235004,-58.443832,-23.442503
2,13,AUS,CAN,DHC-2 Beaver,Light aircraft,5,Australia,Canada,0.38,1.9,1.9,-106.346771,56.130366,133.775136,-25.274398
2,54,FRA,CAN,T-33A Shooting Star,Trainer aircraft,61,France,Canada,1.0,61.0,61.0,-106.346771,56.130366,2.213749,46.227638
2,72,INS,CAN,DHC-3 Otter,Light transport ac,3,Indonesia,Canada,0.63,1.89,1.89,-106.346771,56.130366,113.921327,-0.789275
2,14,IRA,CAN,DHC-2 Beaver,Light aircraft,2,Iran,Canada,0.38,0.76,0.76,-106.346771,56.130366,53.688046,32.427908
2,43,MYA,CAN,DHC-3 Otter,Light transport ac,9,Myanmar,Canada,0.63,5.67,5.67,-106.346771,56.130366,65.865034,-25.559085
2,45,UNO,CAN,DHC-3 Otter,Light transport ac,2,United Nations**,Canada,0.252,0.504,0.504,-106.346771,56.130366,65.865034,-25.559085
2,77,USA,CAN,DHC-2 Beaver,Light aircraft,900,United States,Canada,0.38,342.0,342.0,-106.346771,56.130366,-95.712891,37.09024
2,77,USA,CAN,DHC-3 Otter,Light transport ac,50,United States,Canada,0.63,31.5,31.5,-106.346771,56.130366,-95.712891,37.09024
67,84,KON,CHI,An-2,Light transport ac,100,North Korea,China,1.0,100.0,100.0,104.195397,35.86166,127.510093,40.339852
67,84,KON,CHI,MiG-17,Fighter aircraft,200,North Korea,China,3.5,700.0,700.0,104.195397,35.86166,127.510093,40.339852
63,41,EGY,CZE,Bu-181 Bestmann,Trainer aircraft,150,Egypt,Czechoslovakia,0.1,15.0,15.0,-12.843791,-24.545272,30.802498,26.820553
63,19,GUI,CZE,A-19 122mm,Towed gun,6,Guinea,Czechoslovakia,0.16,0.96,0.96,-12.843791,-24.545272,-9.696645,9.945587
63,85,ROM,CZE,M-51 130mm,Self-propelled MRL,580,Romania,Czechoslovakia,0.35,203.0,203.0,-12.843791,-24.545272,24.96676,45.943161
63,30,USR,CZE,MiG-15UTI,Trainer aircraft,2400,Soviet Union,Czechoslovakia,3.0,7200.0,7200.0,-12.843791,-24.545272,65.865034,-25.559085
27,94,ICE,DEN,Odinn,OPV,1,Iceland,Denmark,20.0,20.0,20.0,9.501785,56.26392,-19.020835,64.963051
75,30,USR,FIN,Pevek,Tanker,3,Soviet Union,Finland,20.0,60.0,60.0,25.748151,61.92411,65.865034,-25.559085
54,8,ARG,FRA,MS-760 Paris,Light transport ac,48,Argentina,France,1.8,86.4,86.4,2.213749,46.227638,-63.616672,-38.416097
54,64,AST,FRA,CM-170 Magister,Trainer aircraft,18,Austria,France,1.0,18.0,18.0,2.213749,46.227638,14.550072,47.516231
54,20,BEL,FRA,CM-170 Magister,Trainer aircraft,45,Belgium,France,1.0,45.0,45.0,2.213749,46.227638,4.469936,50.503887
54,20,BEL,FRA,SA-313B Alouette-2,Light helicopter,30,Belgium,France,0.7,21.0,21.0,2.213749,46.227638,4.469936,50.503887
54,20,BEL,FRA,SS-11,Anti-tank missile,100,Belgium,France,0.01,1.0,1.0,2.213749,46.227638,4.469936,50.503887
54,1,BRA,FRA,MS-760 Paris,Light transport ac,30,Brazil,France,1.8,54.0,54.0,2.213749,46.227638,-51.92528,-14.235004
54,2,CAN,FRA,ENTAC,Anti-tank missile,2000,Canada,France,0.01,20.0,20.0,2.213749,46.227638,-106.346771,56.130366
54,37,CHA,FRA,MH-1521 Broussard,Light aircraft,3,Chad,France,0.152,0.456,0.456,2.213749,46.227638,18.732207,15.454166
54,37,CHA,FRA,SA-313B Alouette-2,Light helicopter,1,Chad,France,0.7,0.7,0.7,2.213749,46.227638,18.732207,15.454166
54,5,CMB,FRA,SA-313B Alouette-2,Light helicopter,2,Cambodia,France,0.7,1.4,1.4,2.213749,46.227638,104.990963,12.565679
54,92,CON,FRA,DC-3/C-47 Skytrain,Transport aircraft,1,Congo,France,1.0,1.0,1.0,2.213749,46.227638,21.758664,-4.038333
54,41,EGY,FRA,Marbore,Turbojet,200,Egypt,France,0.2,40.0,40.0,2.213749,46.227638,30.802498,26.820553
54,75,FIN,FRA,CM-170 Magister,Trainer aircraft,80,Finland,France,1.0,80.0,80.0,2.213749,46.227638,25.748151,61.92411
54,21,FRG,FRA,AM-50 120mm,Mortar,450,Germany,France,0.05,22.5,22.5,2.213749,46.227638,10.451526,51.165691
54,21,FRG,FRA,Amalthee,Cargo ship,1,Germany,France,4.88,4.88,4.88,2.213749,46.227638,10.451526,51.165691
54,21,FRG,FRA,CM-170 Magister,Trainer aircraft,250,Germany,France,1.0,250.0,250.0,2.213749,46.227638,10.451526,51.165691
54,21,FRG,FRA,Mercure,Minesweeper,6,Germany,France,14.0,84.0,84.0,2.213749,46.227638,10.451526,51.165691
54,21,FRG,FRA,Modele-1953 100mm,Naval gun,57,Germany,France,4.7,267.9,267.9,2.213749,46.227638,10.451526,51.165691
54,21,FRG,FRA,Noratlas,Transport aircraft,186,Germany,France,6.2,1153.2,1153.2,2.213749,46.227638,10.451526,51.165691
54,21,FRG,FRA,SA-313B Alouette-2,Light helicopter,226,Germany,France,0.7,158.2,158.2,2.213749,46.227638,10.451526,51.165691
54,21,FRG,FRA,SP-1A,Reconnaissance AV,2374,Germany,France,0.16,379.84,379.84,2.213749,46.227638,10.451526,51.165691
54,21,FRG,FRA,SS-10,Anti-tank missile,7500,Germany,France,0.01,75.0,75.0,2.213749,46.227638,10.451526,51.165691
54,60,ISR,FRA,CM-170 Magister,Trainer aircraft,130,Israel,France,1.0,130.0,130.0,2.213749,46.227638,34.851612,31.046051
54,60,ISR,FRA,Model-50 155mm,Towed gun,50,Israel,France,0.75,37.5,37.5,2.213749,46.227638,34.851612,31.046051
54,60,ISR,FRA,Model-50 155mm,Towed gun,120,Israel,France,0.75,90.0,90.0,2.213749,46.227638,34.851612,31.046051
54,96,JAP,FRA,SS-10,Anti-tank missile,500,Japan,France,0.01,5.0,5.0,2.213749,46.227638,138.252924,36.204824
54,96,JAP,FRA,SS-11,Anti-tank missile,300,Japan,France,0.01,3.0,3.0,2.213749,46.227638,138.252924,36.204824
54,29,MOR,FRA,AMX-13/75,Light tank,28,Morocco,France,0.9,25.2,25.2,2.213749,46.227638,-7.09262,31.791702
54,29,MOR,FRA,EBR-75,Armoured car,19,Morocco,France,0.7,13.3,13.3,2.213749,46.227638,-7.09262,31.791702
54,29,MOR,FRA,MH-1521 Broussard,Light aircraft,3,Morocco,France,0.38,1.14,1.14,2.213749,46.227638,-7.09262,31.791702
54,29,MOR,FRA,PC-461,Patrol craft,1,Morocco,France,5.0,5.0,5.0,2.213749,46.227638,-7.09262,31.791702
54,29,MOR,FRA,SA-313B Alouette-2,Light helicopter,7,Morocco,France,0.7,4.9,4.9,2.213749,46.227638,-7.09262,31.791702
54,71,MRA,FRA,DC-3/C-47 Skytrain,Transport aircraft,1,Mauritania,France,1.0,1.0,1.0,2.213749,46.227638,-10.940835,21.00789
54,71,MRA,FRA,M-8 Greyhound,Armoured car,15,Mauritania,France,0.076,1.14,1.14,2.213749,46.227638,-10.940835,21.00789
54,26,NET,FRA,AMX-VCI,APC,633,Netherlands,France,0.25,158.25,158.25,2.213749,46.227638,5.291266,52.132633
54,26,NET,FRA,SS-11,Anti-tank missile,200,Netherlands,France,0.01,2.0,2.0,2.213749,46.227638,5.291266,52.132633
54,97,NIR,FRA,M-20,Reconnaissance AV,8,Niger,France,0.06,0.48,0.48,2.213749,46.227638,8.081666,17.607789
54,97,NIR,FRA,M-8 Greyhound,Armoured car,8,Niger,France,0.076,0.608,0.608,2.213749,46.227638,8.081666,17.607789
54,59,NOR,FRA,SS-11,Anti-tank missile,600,Norway,France,0.01,6.0,6.0,2.213749,46.227638,8.468946,60.472024
54,56,PER,FRA,SA-313B Alouette-2,Light helicopter,5,Peru,France,0.7,3.5,3.5,2.213749,46.227638,-75.015152,-9.189967
54,86,POR,FRA,Noratlas,Transport aircraft,6,Portugal,France,2.8,16.8,16.8,2.213749,46.227638,-8.224454,39.399872
54,87,SA,FRA,SA-313B Alouette-2,Light helicopter,7,South Africa,France,0.7,4.9,4.9,2.213749,46.227638,22.937506,-30.559482
54,91,SEN,FRA,MH-1521 Broussard,Light aircraft,4,Senegal,France,0.152,0.608,0.608,2.213749,46.227638,-14.452362,14.497401
54,25,SPA,FRA,Steam turbine,Steam engine,6,Spain,France,10.0,60.0,60.0,2.213749,46.227638,-3.74922,40.463667
54,25,SPA,FRA,Steam turbine,Steam engine,18,Spain,France,10.0,180.0,180.0,2.213749,46.227638,-3.74922,40.463667
54,79,SWE,FRA,SS-10,Anti-tank missile,1000,Sweden,France,0.01,10.0,10.0,2.213749,46.227638,18.643501,60.128161
54,79,SWE,FRA,SS-11,Anti-tank missile,250,Sweden,France,0.01,2.5,2.5,2.213749,46.227638,18.643501,60.128161
54,32,SWI,FRA,Model-50 155mm,Towed gun,20,Switzerland,France,0.75,15.0,15.0,2.213749,46.227638,8.227512,46.818188
54,32,SWI,FRA,SA-313B Alouette-2,Light helicopter,30,Switzerland,France,0.7,21.0,21.0,2.213749,46.227638,8.227512,46.818188
54,65,TOG,FRA,M-20,Reconnaissance AV,3,Togo,France,0.06,0.18,0.18,2.213749,46.227638,0.824782,8.619543
54,65,TOG,FRA,M-3/M-5 Half-track,APC,4,Togo,France,0.06,0.24,0.24,2.213749,46.227638,0.824782,8.619543
54,65,TOG,FRA,M-8 Greyhound,Armoured car,6,Togo,France,0.076,0.456,0.456,2.213749,46.227638,0.824782,8.619543
54,88,TUN,FRA,AMX-13/75,Light tank,15,Tunisia,France,0.9,13.5,13.5,2.213749,46.227638,9.537499,33.886917
54,88,TUN,FRA,M-8 Greyhound,Armoured car,10,Tunisia,France,0.076,0.76,0.76,2.213749,46.227638,9.537499,33.886917
54,88,TUN,FRA,Model-50 155mm,Towed gun,30,Tunisia,France,0.75,22.5,22.5,2.213749,46.227638,9.537499,33.886917
54,45,UNO,FRA,SA-313B Alouette-2,Light helicopter,1,United Nations**,France,0.7,0.7,0.7,2.213749,46.227638,65.865034,-25.559085
54,77,USA,FRA,Marbore,Turbojet,2500,United States,France,0.2,500.0,500.0,2.213749,46.227638,-95.712891,37.09024
54,77,USA,FRA,SS-10,Anti-tank missile,5000,United States,France,0.01,50.0,50.0,2.213749,46.227638,-95.712891,37.09024
54,58,XXR,FRA,ENTAC,Anti-tank missile,15000,Unknown recipient(s),France,0.01,150.0,150.0,2.213749,46.227638,65.865034,-25.559085
54,93,YUG,FRA,Sirius,Minesweeper,1,Yugoslavia,France,11.5,11.5,11.5,2.213749,46.227638,65.865034,-25.559085
21,20,BEL,FRG,Do-27,Light aircraft,12,Belgium,Germany,0.12,1.44,1.44,10.451526,51.165691,4.469936,50.503887
21,74,GRE,FRG,Cohoes,Netlayer,1,Greece,Germany,10.0,10.0,10.0,10.451526,51.165691,21.824312,39.074208
21,72,INS,FRG,DKN-901,Patrol craft,10,Indonesia,Germany,7.3,73.0,73.0,10.451526,51.165691,113.921327,-0.789275
21,72,INS,FRG,Jaguar,FAC,8,Indonesia,Germany,17.5,140.0,140.0,10.451526,51.165691,113.921327,-0.789275
21,60,ISR,FRG,S-58/H-34,Helicopter,24,Israel,Germany,1.88,45.12,45.12,10.451526,51.165691,34.851612,31.046051
21,25,SPA,FRG,Do-27,Light aircraft,50,Spain,Germany,0.12,6.0,6.0,10.451526,51.165691,-3.74922,40.463667
21,30,USR,GDR,Okean,SIGINT ship,15,Soviet Union,Germany,8.63,129.45,129.45,10.451526,51.165691,65.865034,-25.559085
23,29,MOR,IRQ,Sea Fury,Fighter aircraft,4,Morocco,Iraq,0.8,3.2,3.2,43.679291,33.223191,-7.09262,31.791702
50,13,AUS,ITA,Model-56 105mm,Towed gun,20,Australia,Italy,0.45,9.0,9.0,12.56738,41.87194,133.775136,-25.274398
50,21,FRG,ITA,G-91R,FGA aircraft,344,Germany,Italy,2.87,987.28,987.28,12.56738,41.87194,10.451526,51.165691
50,21,FRG,ITA,Zotti,Tanker,2,Germany,Italy,8.0,16.0,16.0,12.56738,41.87194,10.451526,51.165691
50,33,NZ,ITA,Model-56 105mm,Towed gun,8,New Zealand,Italy,0.45,3.6,3.6,12.56738,41.87194,174.885971,-40.900557
50,55,SOM,ITA,Beech-18/C-45,Light transport ac,4,Somalia,Italy,0.16,0.64,0.64,12.56738,41.87194,46.199616,5.152149
50,55,SOM,ITA,DC-3/C-47 Skytrain,Transport aircraft,3,Somalia,Italy,1.0,3.0,3.0,12.56738,41.87194,46.199616,5.152149
50,55,SOM,ITA,P-148,Trainer aircraft,8,Somalia,Italy,0.052,0.416,0.416,12.56738,41.87194,46.199616,5.152149
50,55,SOM,ITA,P-51D Mustang,Fighter aircraft,8,Somalia,Italy,0.8,6.4,6.4,12.56738,41.87194,46.199616,5.152149
50,25,SPA,ITA,Model-56 105mm,Towed gun,170,Spain,Italy,0.45,76.5,76.5,12.56738,41.87194,-3.74922,40.463667
96,43,MYA,JAP,Bell-47/OH-13,Light helicopter,13,Myanmar,Japan,0.24,3.12,3.12,138.252924,36.204824,65.865034,-25.559085
26,1,BRA,NET,S-12 Instructor,Trainer aircraft,70,Brazil,Netherlands,0.11,7.7,7.7,5.291266,52.132633,-51.92528,-14.235004
26,1,BRA,NET,ZW-06,Sea search radar,1,Brazil,Netherlands,1.0,1.0,1.0,5.291266,52.132633,-51.92528,-14.235004
26,21,FRG,NET,DA-02,Air search radar,31,Germany,Netherlands,4.0,124.0,124.0,5.291266,52.132633,10.451526,51.165691
26,21,FRG,NET,ZW-01,Sea search radar,30,Germany,Netherlands,0.5,15.0,15.0,5.291266,52.132633,10.451526,51.165691
59,21,FRG,NOR,Tjeld,FAC,2,Germany,Norway,12.5,25.0,25.0,8.468946,60.472024,10.451526,51.165691
59,47,TUR,NOR,LSM,Landing ship,2,Turkey,Norway,6.4,12.8,12.8,8.468946,60.472024,35.243322,38.963745
28,72,INS,POL,TS-8 Bies,Trainer aircraft,2,Indonesia,Poland,0.2,0.4,0.4,19.145136,51.919438,113.921327,-0.789275
28,53,MON,POL,An-2,Light transport ac,15,Mongolia,Poland,1.0,15.0,15.0,19.145136,51.919438,103.846656,46.862496
87,32,SWI,SA,Centurion-3,Tank,100,Switzerland,South Africa,0.54,54.0,54.0,22.937506,-30.559482,8.227512,46.818188
25,41,EGY,SPA,Ha-200 Saeta,Trainer aircraft,100,Egypt,Spain,0.6,60.0,60.0,-3.74922,40.463667,30.802498,26.820553
79,64,AST,SWE,B-17A,Bomber aircraft,1,Austria,Sweden,0.52,0.52,0.52,18.643501,60.128161,14.550072,47.516231
79,69,DOM,SWE,Strv-M/41,Light tank,20,Dominican Republic,Sweden,0.14,2.8,2.8,18.643501,60.128161,-70.162651,18.735693
79,6,ETH,SWE,Saab-91 Safir,Trainer aircraft,10,Ethiopia,Sweden,0.17,1.7,1.7,18.643501,60.128161,40.489673,9.145
79,75,FIN,SWE,B-17A,Bomber aircraft,2,Finland,Sweden,0.52,1.04,1.04,18.643501,60.128161,25.748151,61.92411
79,21,FRG,SWE,375mm Quad,ASW MRL,25,Germany,Sweden,5.0,125.0,125.0,18.643501,60.128161,10.451526,51.165691
79,88,TUN,SWE,Saab-91 Safir,Trainer aircraft,14,Tunisia,Sweden,0.17,2.38,2.38,18.643501,60.128161,9.537499,33.886917
32,21,FRG,SWI,HS-30,IFV,2176,Germany,Switzerland,0.48,1044.48,1044.48,8.227512,46.818188,10.451526,51.165691
32,21,FRG,SWI,MR-8,APV,20,Germany,Switzerland,0.16,3.2,3.2,8.227512,46.818188,10.451526,51.165691
32,50,ITA,SWI,Super-Fledermaus,Fire control radar,126,Italy,Switzerland,3.5,441.0,441.0,8.227512,46.818188,12.56738,41.87194
32,96,JAP,SWI,RSC,SAM,40,Japan,Switzerland,0.06,2.4,2.4,8.227512,46.818188,138.252924,36.204824
32,96,JAP,SWI,RSC/RSD,SAM system,1,Japan,Switzerland,8.0,8.0,8.0,8.227512,46.818188,138.252924,36.204824
89,13,AUS,UK,Avon,Turbojet,111,Australia,United Kingdom,1.25,138.75,138.75,-3.435973,55.378051,133.775136,-25.274398
89,13,AUS,UK,Saladin,Armoured car,18,Australia,United Kingdom,0.7,12.6,12.6,-3.435973,55.378051,133.775136,-25.274398
89,13,AUS,UK,Saracen,APC,20,Australia,United Kingdom,0.2,4.0,4.0,-3.435973,55.378051,133.775136,-25.274398
89,13,AUS,UK,Vampire T-55,Trainer aircraft,70,Australia,United Kingdom,2.25,157.5,157.5,-3.435973,55.378051,133.775136,-25.274398
89,1,BRA,UK,Colossus,Aircraft carrier,1,Brazil,United Kingdom,120.0,120.0,120.0,-3.435973,55.378051,-51.92528,-14.235004
89,1,BRA,UK,S-55,Helicopter,3,Brazil,United Kingdom,1.2,3.6,3.6,-3.435973,55.378051,-51.92528,-14.235004
89,18,CHE,UK,Almirante,Destroyer,2,Chile,United Kingdom,140.0,280.0,280.0,-3.435973,55.378051,-71.542969,-35.675147
89,75,FIN,UK,Comet,Tank,41,Finland,United Kingdom,0.36,14.76,14.76,-3.435973,55.378051,25.748151,61.92411
89,54,FRA,UK,Dart,Turboprop,75,France,United Kingdom,0.9,67.5,67.5,-3.435973,55.378051,2.213749,46.227638
89,21,FRG,UK,B-81,Petrol engine,2176,Germany,United Kingdom,0.02,43.52,43.52,-3.435973,55.378051,10.451526,51.165691
89,21,FRG,UK,Hercules,Aircraft engine,372,Germany,United Kingdom,0.4,148.8,148.8,-3.435973,55.378051,10.451526,51.165691
89,21,FRG,UK,Orpheus,Turbojet,460,Germany,United Kingdom,0.7,322.0,322.0,-3.435973,55.378051,10.451526,51.165691
89,21,FRG,UK,Sea Fury,Fighter aircraft,15,Germany,United Kingdom,0.8,12.0,12.0,-3.435973,55.378051,10.451526,51.165691
89,21,FRG,UK,Sea Hawk FGA-6,Fighter aircraft,66,Germany,United Kingdom,3.4,231.2,224.4,-3.435973,55.378051,10.451526,51.165691
89,11,GHA,UK,DHC-1 Chipmunk,Trainer aircraft,4,Ghana,United Kingdom,0.048,0.192,0.192,-3.435973,55.378051,-1.023194,7.946527
89,11,GHA,UK,Ham,Minesweeper,2,Ghana,United Kingdom,6.0,12.0,12.0,-3.435973,55.378051,-1.023194,7.946527
89,40,IND,UK,Ford,Patrol craft,4,India,United Kingdom,5.5,22.0,22.0,-3.435973,55.378051,78.96288,20.593684
89,40,IND,UK,Gnat,Fighter aircraft,144,India,United Kingdom,3.3,475.2,475.2,-3.435973,55.378051,78.96288,20.593684
89,40,IND,UK,Hunter,Fighter aircraft,22,India,United Kingdom,3.6,79.2,79.2,-3.435973,55.378051,78.96288,20.593684
89,40,IND,UK,Hunter,Fighter aircraft,160,India,United Kingdom,3.6,576.0,576.0,-3.435973,55.378051,78.96288,20.593684
89,40,IND,UK,Leopard/Type-41,Frigate,3,India,United Kingdom,90.0,270.0,270.0,-3.435973,55.378051,78.96288,20.593684
89,40,IND,UK,Sea Hawk FGA-6,Fighter aircraft,9,India,United Kingdom,2.244,20.196,20.196,-3.435973,55.378051,78.96288,20.593684
89,40,IND,UK,Vampire T-55,Trainer aircraft,62,India,United Kingdom,2.25,139.5,139.5,-3.435973,55.378051,78.96288,20.593684
89,40,IND,UK,Whitby/Type-12,Frigate,2,India,United Kingdom,100.0,200.0,200.0,-3.435973,55.378051,78.96288,20.593684
89,72,INS,UK,Ferret,APV,55,Indonesia,United Kingdom,0.12,6.6,6.6,-3.435973,55.378051,113.921327,-0.789275
89,72,INS,UK,Gannet,ASW aircraft,18,Indonesia,United Kingdom,4.29,77.22,77.22,-3.435973,55.378051,113.921327,-0.789275
89,72,INS,UK,Saladin,Armoured car,69,Indonesia,United Kingdom,0.7,48.3,48.3,-3.435973,55.378051,113.921327,-0.789275
89,72,INS,UK,Saracen,APC,55,Indonesia,United Kingdom,0.2,11.0,11.0,-3.435973,55.378051,113.921327,-0.789275
89,7,IRE,UK,Comet,Tank,8,Ireland,United Kingdom,0.36,2.88,2.88,-3.435973,55.378051,-8.24389,53.41291
89,60,ISR,UK,Centurion-3,Tank,60,Israel,United Kingdom,0.54,32.4,32.4,-3.435973,55.378051,34.851612,31.046051
89,60,ISR,UK,Saracen,Submarine,2,Israel,United Kingdom,14.586,29.172,29.172,-3.435973,55.378051,34.851612,31.046051
89,96,JAP,UK,Orpheus,Turbojet,46,Japan,United Kingdom,0.7,32.2,32.2,-3.435973,55.378051,138.252924,36.204824
89,15,JOR,UK,Ambassador,Transport aircraft,3,Jordan,United Kingdom,2.8,8.4,8.4,-3.435973,55.378051,36.238414,30.585164
89,15,JOR,UK,Hunter,Fighter aircraft,5,Jordan,United Kingdom,3.6,18.0,18.0,-3.435973,55.378051,36.238414,30.585164
89,15,JOR,UK,S-55,Helicopter,2,Jordan,United Kingdom,1.2,2.4,2.4,-3.435973,55.378051,36.238414,30.585164
89,15,JOR,UK,Saracen,APC,100,Jordan,United Kingdom,0.2,20.0,20.0,-3.435973,55.378051,36.238414,30.585164
89,15,JOR,UK,Vampire T-55,Trainer aircraft,1,Jordan,United Kingdom,0.9,0.9,0.9,-3.435973,55.378051,36.238414,30.585164
89,4,KUW,UK,Centurion-9,Tank,25,Kuwait,United Kingdom,1.75,43.75,43.75,-3.435973,55.378051,47.481766,29.31166
89,73,LYA,UK,Saladin,Armoured car,40,Libya,United Kingdom,0.7,28.0,28.0,-3.435973,55.378051,17.228331,26.3351
89,90,MAL,UK,Ton,Minesweeper,1,Malaysia,United Kingdom,4.6,4.6,4.6,-3.435973,55.378051,101.975766,4.210484
89,43,MYA,UK,FV-1611,APV,40,Myanmar,United Kingdom,0.04,1.6,1.6,-3.435973,55.378051,65.865034,-25.559085
89,43,MYA,UK,Provost,Trainer aircraft,31,Myanmar,United Kingdom,0.38,11.78,11.78,-3.435973,55.378051,65.865034,-25.559085
89,49,NAT,UK,S-244,Height-finding radar,14,NATO**,United Kingdom,3.5,49.0,49.0,-3.435973,55.378051,65.865034,-25.559085
89,49,NAT,UK,S-247,Air search radar,16,NATO**,United Kingdom,5.0,80.0,80.0,-3.435973,55.378051,65.865034,-25.559085
89,26,NET,UK,Centurion-3,Tank,70,Netherlands,United Kingdom,1.35,94.5,94.5,-3.435973,55.378051,5.291266,52.132633
89,33,NZ,UK,Ferret,APV,3,New Zealand,United Kingdom,0.12,0.36,0.36,-3.435973,55.378051,174.885971,-40.900557
89,33,NZ,UK,Rothesay,Frigate,2,New Zealand,United Kingdom,110.0,220.0,220.0,-3.435973,55.378051,174.885971,-40.900557
89,33,NZ,UK,Sea Cat,SAM,25,New Zealand,United Kingdom,0.04,1.0,1.0,-3.435973,55.378051,174.885971,-40.900557
89,68,OMA,UK,Pioneer,Light aircraft,4,Oman,United Kingdom,0.38,1.52,1.52,-3.435973,55.378051,55.923255,21.512583
89,68,OMA,UK,Provost,Trainer aircraft,5,Oman,United Kingdom,0.152,0.76,0.76,-3.435973,55.378051,55.923255,21.512583
89,56,PER,UK,Canberra B(I)-8,Bomber aircraft,1,Peru,United Kingdom,9.0,9.0,9.0,-3.435973,55.378051,-75.015152,-9.189967
89,56,PER,UK,Colony,Cruiser,2,Peru,United Kingdom,110.0,220.0,220.0,-3.435973,55.378051,-75.015152,-9.189967
89,86,POR,UK,DHC-1 Chipmunk,Trainer aircraft,76,Portugal,United Kingdom,0.12,9.12,9.12,-3.435973,55.378051,-8.224454,39.399872
89,87,SA,UK,Saracen,APC,258,South Africa,United Kingdom,0.2,51.6,51.6,-3.435973,55.378051,22.937506,-30.559482
89,78,SRI,UK,DH-114 Heron,Light transport ac,4,Sri Lanka,United Kingdom,1.5,6.0,6.0,-3.435973,55.378051,80.771797,7.873054
89,78,SRI,UK,Ferret,APV,30,Sri Lanka,United Kingdom,0.048,1.44,1.44,-3.435973,55.378051,80.771797,7.873054
89,51,SUD,UK,Ferret,APV,40,Sudan,United Kingdom,0.12,4.8,4.8,-3.435973,55.378051,30.217636,12.862807
89,51,SUD,UK,Pembroke,Light transport ac,2,Sudan,United Kingdom,1.76,3.52,3.52,-3.435973,55.378051,30.217636,12.862807
89,79,SWE,UK,Avon,Turbojet,600,Sweden,United Kingdom,1.25,750.0,750.0,-3.435973,55.378051,18.643501,60.128161
89,79,SWE,UK,Avon,Turbojet,450,Sweden,United Kingdom,1.25,562.5,562.5,-3.435973,55.378051,18.643501,60.128161
89,32,SWI,UK,Centurion-3,Tank,100,Switzerland,United Kingdom,1.35,135.0,135.0,-3.435973,55.378051,8.227512,46.818188
89,32,SWI,UK,Hunter,Fighter aircraft,100,Switzerland,United Kingdom,3.6,360.0,360.0,-3.435973,55.378051,8.227512,46.818188
89,32,SWI,UK,Vampire FB-5,Fighter aircraft,3,Switzerland,United Kingdom,3.2,9.6,9.6,-3.435973,55.378051,8.227512,46.818188
89,77,USA,UK,Sapphire,Turbojet,4600,United States,United Kingdom,0.6,2760.0,2760.0,-3.435973,55.378051,-95.712891,37.09024
89,93,YUG,UK,S-55,Helicopter,23,Yugoslavia,United Kingdom,1.2,27.6,27.6,-3.435973,55.378051,65.865034,-25.559085
89,66,ZIM,UK,DC-4M1 North Star,Transport aircraft,4,Zimbabwe,United Kingdom,2.8,11.2,11.2,-3.435973,55.378051,29.154857,-19.015438
89,66,ZIM,UK,Ferret,APV,30,Zimbabwe,United Kingdom,0.12,3.6,3.6,-3.435973,55.378051,29.154857,-19.015438
38,9,BOL,URU,P-51D Mustang,Fighter aircraft,8,Bolivia,Uruguay,0.8,6.4,6.4,-55.765835,-32.522779,-63.588653,-16.290154
77,8,ARG,USA,Balao,Submarine,2,Argentina,United States,15.452,30.904,30.904,-95.712891,37.09024,-63.616672,-38.416097
77,8,ARG,USA,Bell-47/OH-13,Light helicopter,30,Argentina,United States,0.24,7.2,7.2,-95.712891,37.09024,-63.616672,-38.416097
77,8,ARG,USA,F-86F Sabre,Fighter aircraft,28,Argentina,United States,1.4,39.2,39.2,-95.712891,37.09024,-63.616672,-38.416097
77,8,ARG,USA,Hiller-12/OH-23 Raven,Light helicopter,8,Argentina,United States,0.24,1.92,1.92,-95.712891,37.09024,-63.616672,-38.416097
77,8,ARG,USA,SH-34 Seabat,ASW helicopter,1,Argentina,United States,5.0,5.0,5.0,-95.712891,37.09024,-63.616672,-38.416097
77,8,ARG,USA,T-28A Trojan,Trainer aircraft,52,Argentina,United States,0.3,15.6,15.6,-95.712891,37.09024,-63.616672,-38.416097
77,8,ARG,USA,T-34 Mentor,Trainer aircraft,90,Argentina,United States,0.19,17.1,17.1,-95.712891,37.09024,-63.616672,-38.416097
77,64,AST,USA,M-41 Walker Bulldog,Light tank,42,Austria,United States,0.44,18.48,18.48,-95.712891,37.09024,14.550072,47.516231
77,13,AUS,USA,AIM-9B Sidewinder,SRAAM,600,Australia,United States,0.04,24.0,24.0,-95.712891,37.09024,133.775136,-25.274398
77,13,AUS,USA,Bell-47/OH-13,Light helicopter,11,Australia,United States,0.24,2.64,2.64,-95.712891,37.09024,133.775136,-25.274398
77,13,AUS,USA,Bell-47/OH-13,Light helicopter,54,Australia,United States,0.24,15.6,12.96,-95.712891,37.09024,133.775136,-25.274398
77,13,AUS,USA,F-86F Sabre,Fighter aircraft,111,Australia,United States,2.5,277.5,277.5,-95.712891,37.09024,133.775136,-25.274398
77,13,AUS,USA,M-101A1 105mm,Towed gun,254,Australia,United States,0.18,45.72,45.72,-95.712891,37.09024,133.775136,-25.274398
77,20,BEL,USA,Aggressive,Minesweeper,5,Belgium,United States,18.81,94.05,94.05,-95.712891,37.09024,4.469936,50.503887
77,20,BEL,USA,AIM-9B Sidewinder,SRAAM,750,Belgium,United States,0.04,30.0,30.0,-95.712891,37.09024,4.469936,50.503887
77,20,BEL,USA,M-75,APC,600,Belgium,United States,0.1,60.0,60.0,-95.712891,37.09024,4.469936,50.503887
77,20,BEL,USA,MIM-14 Nike Hercules,SAM,383,Belgium,United States,0.4,153.2,153.2,-95.712891,37.09024,4.469936,50.503887
77,20,BEL,USA,PA-18/L-18/L-21,Light aircraft,157,Belgium,United States,0.06,9.42,9.42,-95.712891,37.09024,4.469936,50.503887
77,1,BRA,USA,Bell-47/OH-13,Light helicopter,46,Brazil,United States,0.24,11.04,11.04,-95.712891,37.09024,-51.92528,-14.235004
77,1,BRA,USA,DC-4/C-54,Transport aircraft,11,Brazil,United States,2.5,27.5,27.5,-95.712891,37.09024,-51.92528,-14.235004
77,1,BRA,USA,F-80 Shooting Star,Fighter aircraft,37,Brazil,United States,1.2,44.4,44.4,-95.712891,37.09024,-51.92528,-14.235004
77,1,BRA,USA,M-41 Walker Bulldog,Light tank,160,Brazil,United States,0.44,70.4,70.4,-95.712891,37.09024,-51.92528,-14.235004
77,1,BRA,USA,SPG-34/SPG-50,Fire control radar,2,Brazil,United States,1.25,2.5,2.5,-95.712891,37.09024,-51.92528,-14.235004
77,1,BRA,USA,SPS-40,Air search radar,1,Brazil,United States,6.53,6.53,6.53,-95.712891,37.09024,-51.92528,-14.235004
77,1,BRA,USA,T-33A Shooting Star,Trainer aircraft,28,Brazil,United States,1.0,28.0,28.0,-95.712891,37.09024,-51.92528,-14.235004
77,1,BRA,USA,YMS,Minesweeper,4,Brazil,United States,3.6,14.4,14.4,-95.712891,37.09024,-51.92528,-14.235004
77,2,CAN,USA,AIM-9B Sidewinder,SRAAM,1500,Canada,United States,0.04,60.0,60.0,-95.712891,37.09024,-106.346771,56.130366
77,2,CAN,USA,C-130B Hercules,Transport aircraft,4,Canada,United States,23.0,92.0,92.0,-95.712891,37.09024,-106.346771,56.130366
77,2,CAN,USA,Cosmopolitan,Transport aircraft,10,Canada,United States,8.0,80.0,80.0,-95.712891,37.09024,-106.346771,56.130366
77,2,CAN,USA,H-21,Helicopter,2,Canada,United States,3.0,6.0,6.0,-95.712891,37.09024,-106.346771,56.130366
77,2,CAN,USA,HU-16B Albatross,MP/transport ac,10,Canada,United States,4.0,40.0,40.0,-95.712891,37.09024,-106.346771,56.130366
77,18,CHE,USA,DC-3/C-47 Skytrain,Transport aircraft,4,Chile,United States,1.0,4.0,4.0,-95.712891,37.09024,-71.542969,-35.675147
77,18,CHE,USA,LSM,Landing ship,1,Chile,United States,6.4,6.4,6.4,-95.712891,37.09024,-71.542969,-35.675147
77,18,CHE,USA,M-24 Chaffee,Light tank,50,Chile,United States,0.3,15.0,15.0,-95.712891,37.09024,-71.542969,-35.675147
77,18,CHE,USA,Navajo/ATF,Tug,1,Chile,United States,12.0,12.0,12.0,-95.712891,37.09024,-71.542969,-35.675147
77,18,CHE,USA,T-33A Shooting Star,Trainer aircraft,11,Chile,United States,1.0,11.0,11.0,-95.712891,37.09024,-71.542969,-35.675147
77,42,COL,USA,Bell-47/OH-13,Light helicopter,2,Colombia,United States,0.24,0.48,0.48,-95.712891,37.09024,-74.297333,4.570868
77,42,COL,USA,F-80 Shooting Star,Fighter aircraft,18,Colombia,United States,1.2,21.6,21.6,-95.712891,37.09024,-74.297333,4.570868
77,27,DEN,USA,MIM-14 Nike Hercules,SAM,176,Denmark,United States,0.4,70.4,70.4,-95.712891,37.09024,9.501785,56.26392
77,27,DEN,USA,MIM-3 Nike Ajax,SAM,125,Denmark,United States,0.2,25.0,25.0,-95.712891,37.09024,9.501785,56.26392
77,27,DEN,USA,Nike Ajax/Hercules,SAM system,4,Denmark,United States,35.0,140.0,140.0,-95.712891,37.09024,9.501785,56.26392
77,69,DOM,USA,B-26 Invader,Bomber aircraft,5,Dominican Republic,United States,2.0,10.0,10.0,-95.712891,37.09024,-70.162651,18.735693
77,69,DOM,USA,LSM,Landing ship,1,Dominican Republic,United States,6.4,6.4,6.4,-95.712891,37.09024,-70.162651,18.735693
77,10,ECU,USA,Bell-47/OH-13,Light helicopter,3,Ecuador,United States,0.24,0.72,0.72,-95.712891,37.09024,-78.183406,-1.831239
77,10,ECU,USA,F-80 Shooting Star,Fighter aircraft,18,Ecuador,United States,1.2,21.6,21.6,-95.712891,37.09024,-78.183406,-1.831239
77,10,ECU,USA,M-3/M-5 Half-track,APC,15,Ecuador,United States,0.06,0.9,0.9,-95.712891,37.09024,-78.183406,-1.831239
77,10,ECU,USA,Navajo/ATF,Tug,2,Ecuador,United States,12.0,24.0,24.0,-95.712891,37.09024,-78.183406,-1.831239
77,10,ECU,USA,PCE,Corvette,2,Ecuador,United States,8.0,16.0,16.0,-95.712891,37.09024,-78.183406,-1.831239
77,10,ECU,USA,T-33A Shooting Star,Trainer aircraft,12,Ecuador,United States,1.0,12.0,12.0,-95.712891,37.09024,-78.183406,-1.831239
77,6,ETH,USA,F-86F Sabre,Fighter aircraft,14,Ethiopia,United States,1.4,19.6,19.6,-95.712891,37.09024,40.489673,9.145
77,54,FRA,USA,A-1 Skyraider,Ground attack ac,113,France,United States,0.92,103.96,103.96,-95.712891,37.09024,2.213749,46.227638
77,54,FRA,USA,B-26 Invader,Bomber aircraft,25,France,United States,2.0,50.0,50.0,-95.712891,37.09024,2.213749,46.227638
77,54,FRA,USA,Nike Ajax/Hercules,SAM system,8,France,United States,35.0,280.0,280.0,-95.712891,37.09024,2.213749,46.227638
77,54,FRA,USA,PA-22 Tri-Pacer,Light aircraft,22,France,United States,0.07,1.54,1.54,-95.712891,37.09024,2.213749,46.227638
77,54,FRA,USA,S-58/H-34,Helicopter,104,France,United States,1.88,195.52,195.52,-95.712891,37.09024,2.213749,46.227638
77,54,FRA,USA,S-58/H-34,Helicopter,117,France,United States,1.88,219.96,219.96,-95.712891,37.09024,2.213749,46.227638
77,54,FRA,USA,SH-34 Seabat,ASW helicopter,58,France,United States,5.0,290.0,290.0,-95.712891,37.09024,2.213749,46.227638
77,54,FRA,USA,T-28D,Trainer/combat ac,149,France,United States,1.75,260.75,260.75,-95.712891,37.09024,2.213749,46.227638
77,54,FRA,USA,T-33A Shooting Star,Trainer aircraft,154,France,United States,1.0,154.0,154.0,-95.712891,37.09024,2.213749,46.227638
77,21,FRG,USA,AIM-9B Sidewinder,SRAAM,1050,Germany,United States,0.04,42.0,42.0,-95.712891,37.09024,10.451526,51.165691
77,21,FRG,USA,F-104G Starfighter,FGA aircraft,30,Germany,United States,11.2,336.0,336.0,-95.712891,37.09024,10.451526,51.165691
77,21,FRG,USA,Fletcher,Destroyer,6,Germany,United States,40.224,241.344,241.344,-95.712891,37.09024,10.451526,51.165691
77,21,FRG,USA,Honest John TEL,Mobile SSM launcher,36,Germany,United States,0.5,18.0,18.0,-95.712891,37.09024,10.451526,51.165691
77,21,FRG,USA,LST-1,Landing ship,2,Germany,United States,9.448,18.896,18.896,-95.712891,37.09024,10.451526,51.165691
77,21,FRG,USA,M-48 Patton,Tank,1486,Germany,United States,0.492,731.112,731.112,-95.712891,37.09024,10.451526,51.165691
77,21,FRG,USA,MIM-14 Nike Hercules,SAM,1066,Germany,United States,0.4,426.4,426.4,-95.712891,37.09024,10.451526,51.165691
77,21,FRG,USA,MIM-3 Nike Ajax,SAM,650,Germany,United States,0.2,130.0,130.0,-95.712891,37.09024,10.451526,51.165691
77,21,FRG,USA,Nike Ajax/Hercules,SAM system,24,Germany,United States,35.0,840.0,840.0,-95.712891,37.09024,10.451526,51.165691
77,21,FRG,USA,RF-84F Thunderflash,Reconnaissance ac,52,Germany,United States,1.6,83.2,83.2,-95.712891,37.09024,10.451526,51.165691
77,21,FRG,USA,S-58/H-34,Helicopter,26,Germany,United States,1.88,48.88,48.88,-95.712891,37.09024,10.451526,51.165691
77,74,GRE,USA,F-86D Sabre,Fighter aircraft,50,Greece,United States,1.7,85.0,85.0,-95.712891,37.09024,21.824312,39.074208
77,74,GRE,USA,Honest John TEL,Mobile SSM launcher,8,Greece,United States,0.5,4.0,4.0,-95.712891,37.09024,21.824312,39.074208
77,74,GRE,USA,LST-1,Landing ship,2,Greece,United States,9.448,18.896,18.896,-95.712891,37.09024,21.824312,39.074208
77,74,GRE,USA,LST-1,Landing ship,1,Greece,United States,9.448,9.448,9.448,-95.712891,37.09024,21.824312,39.074208
77,74,GRE,USA,M-115 203mm,Towed gun,85,Greece,United States,0.3,25.5,25.5,-95.712891,37.09024,21.824312,39.074208
77,74,GRE,USA,M-30 107mm,Mortar,284,Greece,United States,0.05,14.2,14.2,-95.712891,37.09024,21.824312,39.074208
77,74,GRE,USA,M-41 Walker Bulldog,Light tank,81,Greece,United States,0.44,35.64,35.64,-95.712891,37.09024,21.824312,39.074208
77,74,GRE,USA,M-48 Patton,Tank,550,Greece,United States,0.492,270.6,270.6,-95.712891,37.09024,21.824312,39.074208
77,74,GRE,USA,MIM-3 Nike Ajax,SAM,100,Greece,United States,0.2,20.0,20.0,-95.712891,37.09024,21.824312,39.074208
77,74,GRE,USA,Nike Ajax/Hercules,SAM system,4,Greece,United States,35.0,140.0,140.0,-95.712891,37.09024,21.824312,39.074208
77,17,GUA,USA,B-26 Invader,Bomber aircraft,8,Guatemala,United States,2.0,16.0,16.0,-95.712891,37.09024,-90.230759,15.783471
77,22,HAI,USA,Cohoes,Netlayer,1,Haiti,United States,4.0,4.0,4.0,-95.712891,37.09024,-72.285215,18.971187
77,22,HAI,USA,M-101A1 105mm,Towed gun,4,Haiti,United States,0.18,0.72,0.72,-95.712891,37.09024,-72.285215,18.971187
77,72,INS,USA,B-26 Invader,Bomber aircraft,6,Indonesia,United States,3.3,19.8,19.8,-95.712891,37.09024,113.921327,-0.789275
77,72,INS,USA,Bell-47/OH-13,Light helicopter,4,Indonesia,United States,0.24,0.96,0.96,-95.712891,37.09024,113.921327,-0.789275
77,72,INS,USA,C-130B Hercules,Transport aircraft,4,Indonesia,United States,23.0,92.0,92.0,-95.712891,37.09024,113.921327,-0.789275
77,72,INS,USA,C-130B Hercules,Transport aircraft,1,Indonesia,United States,23.0,23.0,23.0,-95.712891,37.09024,113.921327,-0.789275
77,72,INS,USA,LST-1,Landing ship,1,Indonesia,United States,9.448,9.448,9.448,-95.712891,37.09024,113.921327,-0.789275
77,72,INS,USA,LST-1,Landing ship,5,Indonesia,United States,9.448,47.24,47.24,-95.712891,37.09024,113.921327,-0.789275
77,72,INS,USA,PC-461,Patrol craft,5,Indonesia,United States,5.0,25.0,25.0,-95.712891,37.09024,113.921327,-0.789275
77,14,IRA,USA,Adjutant,Minesweeper,4,Iran,United States,10.0,40.0,40.0,-95.712891,37.09024,53.688046,32.427908
77,50,ITA,USA,Adjutant,Minesweeper,1,Italy,United States,4.0,4.0,4.0,-95.712891,37.09024,12.56738,41.87194
77,50,ITA,USA,Balao,Submarine,1,Italy,United States,15.452,15.452,15.452,-95.712891,37.09024,12.56738,41.87194
77,50,ITA,USA,Bell-47/OH-13,Light helicopter,300,Italy,United States,0.24,72.0,72.0,-95.712891,37.09024,12.56738,41.87194
77,50,ITA,USA,Honest John TEL,Mobile SSM launcher,50,Italy,United States,0.5,25.0,25.0,-95.712891,37.09024,12.56738,41.87194
77,50,ITA,USA,MIM-14 Nike Hercules,SAM,480,Italy,United States,0.4,192.0,192.0,-95.712891,37.09024,12.56738,41.87194
77,50,ITA,USA,Nike Ajax/Hercules,SAM system,8,Italy,United States,35.0,280.0,280.0,-95.712891,37.09024,12.56738,41.87194
77,50,ITA,USA,S-2A Tracker,ASW aircraft,46,Italy,United States,6.0,276.0,276.0,-95.712891,37.09024,12.56738,41.87194
77,50,ITA,USA,SH-34 Seabat,ASW helicopter,14,Italy,United States,5.0,70.0,70.0,-95.712891,37.09024,12.56738,41.87194
77,96,JAP,USA,40mm Twin Bofors,Naval gun,37,Japan,United States,0.4,14.8,14.8,-95.712891,37.09024,138.252924,36.204824
77,96,JAP,USA,AIM-9B Sidewinder,SRAAM,600,Japan,United States,0.04,24.0,24.0,-95.712891,37.09024,138.252924,36.204824
77,96,JAP,USA,Bell-47/OH-13,Light helicopter,185,Japan,United States,0.24,44.4,44.4,-95.712891,37.09024,138.252924,36.204824
77,96,JAP,USA,F-86D Sabre,Fighter aircraft,106,Japan,United States,1.7,180.2,180.2,-95.712891,37.09024,138.252924,36.204824
77,96,JAP,USA,F-86F Sabre,Fighter aircraft,508,Japan,United States,3.5,1778.0,1778.0,-95.712891,37.09024,138.252924,36.204824
77,96,JAP,USA,FPS-20,Air search radar,28,Japan,United States,5.0,140.0,140.0,-95.712891,37.09024,138.252924,36.204824
77,96,JAP,USA,FPS-6,Height-finding radar,28,Japan,United States,3.5,98.0,98.0,-95.712891,37.09024,138.252924,36.204824
77,96,JAP,USA,LST-1,Landing ship,1,Japan,United States,9.448,9.448,9.448,-95.712891,37.09024,138.252924,36.204824
77,96,JAP,USA,M-41 Walker Bulldog,Light tank,140,Japan,United States,0.44,61.6,61.6,-95.712891,37.09024,138.252924,36.204824
77,96,JAP,USA,M-42 Duster,SPAAG,20,Japan,United States,1.2,24.0,24.0,-95.712891,37.09024,138.252924,36.204824
77,96,JAP,USA,MIM-14 Nike Hercules,SAM,196,Japan,United States,0.4,78.4,78.4,-95.712891,37.09024,138.252924,36.204824
77,96,JAP,USA,MIM-3 Nike Ajax,SAM,72,Japan,United States,0.2,14.4,14.4,-95.712891,37.09024,138.252924,36.204824
77,96,JAP,USA,Mk-108 Weapon Alpha,ASW rocket launcher,2,Japan,United States,1.5,3.0,3.0,-95.712891,37.09024,138.252924,36.204824
77,96,JAP,USA,Mk-33 76mm,Naval gun,10,Japan,United States,2.5,25.0,25.0,-95.712891,37.09024,138.252924,36.204824
77,96,JAP,USA,Mk-33 76mm,Naval gun,22,Japan,United States,2.5,55.0,55.0,-95.712891,37.09024,138.252924,36.204824
77,96,JAP,USA,Mk-39 127mm,Naval gun,6,Japan,United States,4.0,24.0,24.0,-95.712891,37.09024,138.252924,36.204824
77,96,JAP,USA,Mk-43,ASW torpedo,300,Japan,United States,0.1,30.0,30.0,-95.712891,37.09024,138.252924,36.204824
77,96,JAP,USA,P-2H Neptune,ASW aircraft,48,Japan,United States,15.0,720.0,720.0,-95.712891,37.09024,138.252924,36.204824
77,96,JAP,USA,SPS-10,Sea search radar,7,Japan,United States,1.5,10.5,10.5,-95.712891,37.09024,138.252924,36.204824
77,96,JAP,USA,SPS-6,Air search radar,7,Japan,United States,5.0,35.0,35.0,-95.712891,37.09024,138.252924,36.204824
77,96,JAP,USA,Steam turbine,Steam engine,4,Japan,United States,10.0,40.0,40.0,-95.712891,37.09024,138.252924,36.204824
77,96,JAP,USA,Steam turbine,Steam engine,14,Japan,United States,10.0,140.0,140.0,-95.712891,37.09024,138.252924,36.204824
77,96,JAP,USA,T-34 Mentor,Trainer aircraft,140,Japan,United States,0.19,26.6,26.6,-95.712891,37.09024,138.252924,36.204824
77,44,KOS,USA,FPS-20,Air search radar,10,South Korea,United States,5.0,50.0,50.0,-95.712891,37.09024,127.766922,35.907757
77,44,KOS,USA,FPS-6,Height-finding radar,10,South Korea,United States,3.5,35.0,35.0,-95.712891,37.09024,127.766922,35.907757
77,44,KOS,USA,FS-135,Cargo ship,1,South Korea,United States,3.0,3.0,3.0,-95.712891,37.09024,127.766922,35.907757
77,44,KOS,USA,LCT Mk-6,Landing craft,1,South Korea,United States,2.52,2.52,2.52,-95.712891,37.09024,127.766922,35.907757
77,44,KOS,USA,LSM(R),Gunboat,1,South Korea,United States,8.0,8.0,8.0,-95.712891,37.09024,127.766922,35.907757
77,44,KOS,USA,M-101A1 105mm,Towed gun,2000,South Korea,United States,0.45,900.0,900.0,-95.712891,37.09024,127.766922,35.907757
77,44,KOS,USA,M-114 155mm,Towed gun,1500,South Korea,United States,0.5,750.0,750.0,-95.712891,37.09024,127.766922,35.907757
77,44,KOS,USA,M-30 107mm,Mortar,100,South Korea,United States,0.05,5.0,5.0,-95.712891,37.09024,127.766922,35.907757
77,44,KOS,USA,M-36 Jackson,Tank,70,South Korea,United States,0.36,25.2,25.2,-95.712891,37.09024,127.766922,35.907757
77,44,KOS,USA,M-47 Patton,Tank,550,South Korea,United States,0.42,231.0,231.0,-95.712891,37.09024,127.766922,35.907757
77,44,KOS,USA,PC-461,Patrol craft,2,South Korea,United States,5.0,10.0,10.0,-95.712891,37.09024,127.766922,35.907757
77,44,KOS,USA,T-28A Trojan,Trainer aircraft,33,South Korea,United States,0.3,9.9,9.9,-95.712891,37.09024,127.766922,35.907757
77,57,LAO,USA,M-24 Chaffee,Light tank,10,Laos,United States,0.3,3.0,3.0,-95.712891,37.09024,102.495496,19.85627
77,39,MEX,USA,AL-60,Light aircraft,18,Mexico,United States,0.24,4.32,4.32,-95.712891,37.09024,-102.552784,23.634501
77,39,MEX,USA,Bell-47/OH-13,Light helicopter,19,Mexico,United States,0.24,4.56,4.56,-95.712891,37.09024,-102.552784,23.634501
77,26,NET,USA,AIM-9B Sidewinder,SRAAM,1100,Netherlands,United States,0.04,44.0,44.0,-95.712891,37.09024,5.291266,52.132633
77,26,NET,USA,Honest John TEL,Mobile SSM launcher,12,Netherlands,United States,0.5,6.0,6.0,-95.712891,37.09024,5.291266,52.132633
77,26,NET,USA,MIM-3 Nike Ajax,SAM,200,Netherlands,United States,0.2,40.0,40.0,-95.712891,37.09024,5.291266,52.132633
77,26,NET,USA,Nike Ajax/Hercules,SAM system,8,Netherlands,United States,35.0,280.0,280.0,-95.712891,37.09024,5.291266,52.132633
77,26,NET,USA,S-2A Tracker,ASW aircraft,26,Netherlands,United States,6.0,156.0,156.0,-95.712891,37.09024,5.291266,52.132633
77,46,NIC,USA,M-101A1 105mm,Towed gun,12,Nicaragua,United States,0.18,2.16,2.16,-95.712891,37.09024,-85.207229,12.865416
77,59,NOR,USA,Auk,Minesweeper,1,Norway,United States,10.0,10.0,10.0,-95.712891,37.09024,8.468946,60.472024
77,59,NOR,USA,F-86F Sabre,Fighter aircraft,115,Norway,United States,1.4,161.0,161.0,-95.712891,37.09024,8.468946,60.472024
77,59,NOR,USA,M-30 107mm,Mortar,204,Norway,United States,0.05,10.2,10.2,-95.712891,37.09024,8.468946,60.472024
77,59,NOR,USA,M-7 105mm,Self-propelled gun,8,Norway,United States,0.3,2.4,2.4,-95.712891,37.09024,8.468946,60.472024
77,59,NOR,USA,MIM-14 Nike Hercules,SAM,177,Norway,United States,0.4,70.8,70.8,-95.712891,37.09024,8.468946,60.472024
77,59,NOR,USA,Nike Ajax/Hercules,SAM system,4,Norway,United States,35.0,140.0,140.0,-95.712891,37.09024,8.468946,60.472024
77,59,NOR,USA,O-1/L-19 Bird Dog,Light aircraft,27,Norway,United States,0.036,0.972,0.972,-95.712891,37.09024,8.468946,60.472024
77,59,NOR,USA,SPG-34/SPG-50,Fire control radar,16,Norway,United States,1.25,20.0,20.0,-95.712891,37.09024,8.468946,60.472024
77,33,NZ,USA,M-41 Walker Bulldog,Light tank,10,New Zealand,United States,0.44,4.4,4.4,-95.712891,37.09024,174.885971,-40.900557
77,34,PAK,USA,AIM-9B Sidewinder,SRAAM,500,Pakistan,United States,0.04,20.0,20.0,-95.712891,37.09024,69.345116,30.375321
77,34,PAK,USA,Bonanza,Light aircraft,1,Pakistan,United States,0.24,0.24,0.24,-95.712891,37.09024,69.345116,30.375321
77,34,PAK,USA,FPS-20,Air search radar,2,Pakistan,United States,5.0,10.0,10.0,-95.712891,37.09024,69.345116,30.375321
77,34,PAK,USA,FPS-6,Height-finding radar,2,Pakistan,United States,3.5,7.0,7.0,-95.712891,37.09024,69.345116,30.375321
77,34,PAK,USA,M-114 155mm,Towed gun,60,Pakistan,United States,0.2,12.0,12.0,-95.712891,37.09024,69.345116,30.375321
77,34,PAK,USA,M-47 Patton,Tank,345,Pakistan,United States,0.42,144.9,144.9,-95.712891,37.09024,69.345116,30.375321
77,34,PAK,USA,T-6 Texan,Trainer aircraft,10,Pakistan,United States,0.128,1.28,1.28,-95.712891,37.09024,69.345116,30.375321
77,95,PAR,USA,M-101A1 105mm,Towed gun,10,Paraguay,United States,0.45,4.5,4.5,-95.712891,37.09024,-58.443832,-23.442503
77,95,PAR,USA,M-4 Sherman,Tank,9,Paraguay,United States,0.336,3.024,3.024,-95.712891,37.09024,-58.443832,-23.442503
77,56,PER,USA,Auk,Minesweeper,2,Peru,United States,10.0,20.0,20.0,-95.712891,37.09024,-75.015152,-9.189967
77,56,PER,USA,B-26 Invader,Bomber aircraft,12,Peru,United States,2.0,24.0,24.0,-95.712891,37.09024,-75.015152,-9.189967
77,56,PER,USA,Cessna-180 Skywagon,Light aircraft,9,Peru,United States,0.18,1.62,1.62,-95.712891,37.09024,-75.015152,-9.189967
77,56,PER,USA,F-80 Shooting Star,Fighter aircraft,16,Peru,United States,1.2,19.2,19.2,-95.712891,37.09024,-75.015152,-9.189967
77,56,PER,USA,Fletcher,Destroyer,2,Peru,United States,40.224,80.448,80.448,-95.712891,37.09024,-75.015152,-9.189967
77,70,PHI,USA,F-86D Sabre,Fighter aircraft,18,Philippines,United States,1.7,30.6,30.6,-95.712891,37.09024,121.774017,12.879721
77,70,PHI,USA,LSM,Landing ship,3,Philippines,United States,6.4,19.2,19.2,-95.712891,37.09024,121.774017,12.879721
77,70,PHI,USA,M-24 Chaffee,Light tank,25,Philippines,United States,0.3,7.5,7.5,-95.712891,37.09024,121.774017,12.879721
77,70,PHI,USA,PGM-39,Patrol craft,4,Philippines,United States,3.9,15.6,15.6,-95.712891,37.09024,121.774017,12.879721
77,70,PHI,USA,T-28A Trojan,Trainer aircraft,20,Philippines,United States,0.3,6.0,6.0,-95.712891,37.09024,121.774017,12.879721
77,70,PHI,USA,TPS-1,Air search radar,3,Philippines,United States,2.5,7.5,7.5,-95.712891,37.09024,121.774017,12.879721
77,86,POR,USA,DC-4/C-54,Transport aircraft,10,Portugal,United States,2.5,25.0,25.0,-95.712891,37.09024,-8.224454,39.399872
77,12,SAU,USA,Cape,Patrol craft,1,Saudi Arabia,United States,5.8,5.8,5.8,-95.712891,37.09024,45.079162,23.885942
77,12,SAU,USA,M-47 Patton,Tank,55,Saudi Arabia,United States,0.42,23.1,23.1,-95.712891,37.09024,45.079162,23.885942
77,25,SPA,USA,Bell-47/OH-13,Light helicopter,16,Spain,United States,0.24,3.84,3.84,-95.712891,37.09024,-3.74922,40.463667
77,25,SPA,USA,Fletcher,Destroyer,5,Spain,United States,40.224,201.12,201.12,-95.712891,37.09024,-3.74922,40.463667
77,25,SPA,USA,LSM,Landing ship,3,Spain,United States,6.4,19.2,19.2,-95.712891,37.09024,-3.74922,40.463667
77,25,SPA,USA,M-114 155mm,Towed gun,96,Spain,United States,0.2,19.2,19.2,-95.712891,37.09024,-3.74922,40.463667
77,25,SPA,USA,M-115 203mm,Towed gun,24,Spain,United States,0.3,7.2,7.2,-95.712891,37.09024,-3.74922,40.463667
77,25,SPA,USA,M-41 Walker Bulldog,Light tank,245,Spain,United States,0.44,107.8,107.8,-95.712891,37.09024,-3.74922,40.463667
77,25,SPA,USA,Nike Ajax/Hercules,SAM system,1,Spain,United States,35.0,35.0,35.0,-95.712891,37.09024,-3.74922,40.463667
77,79,SWE,USA,AIM-4C Falcon,SRAAM,1000,Sweden,United States,0.07,70.0,70.0,-95.712891,37.09024,18.643501,60.128161
77,79,SWE,USA,AIM-9B Sidewinder,SRAAM,1000,Sweden,United States,0.04,40.0,40.0,-95.712891,37.09024,18.643501,60.128161
77,79,SWE,USA,H-21,Helicopter,9,Sweden,United States,3.0,27.0,27.0,-95.712891,37.09024,18.643501,60.128161
77,24,TAI,USA,AIM-9B Sidewinder,SRAAM,750,Taiwan,United States,0.04,30.0,30.0,-95.712891,37.09024,120.960515,23.69781
77,24,TAI,USA,Ashland,AALS,1,Taiwan,United States,23.048,23.048,23.048,-95.712891,37.09024,120.960515,23.69781
77,24,TAI,USA,Bell-47/OH-13,Light helicopter,14,Taiwan,United States,0.24,3.36,3.36,-95.712891,37.09024,120.960515,23.69781
77,24,TAI,USA,F-100A Super Sabre,Fighter aircraft,65,Taiwan,United States,2.0,130.0,130.0,-95.712891,37.09024,120.960515,23.69781
77,24,TAI,USA,LST-1,Landing ship,3,Taiwan,United States,9.448,28.344,28.344,-95.712891,37.09024,120.960515,23.69781
77,24,TAI,USA,LST-1,Landing ship,15,Taiwan,United States,9.448,141.72,141.72,-95.712891,37.09024,120.960515,23.69781
77,24,TAI,USA,M-18 Hellcat,Tank,400,Taiwan,United States,0.3,120.0,120.0,-95.712891,37.09024,120.960515,23.69781
77,24,TAI,USA,MIM-14 Nike Hercules,SAM,220,Taiwan,United States,0.4,88.0,88.0,-95.712891,37.09024,120.960515,23.69781
77,24,TAI,USA,Nike Ajax/Hercules,SAM system,8,Taiwan,United States,35.0,280.0,280.0,-95.712891,37.09024,120.960515,23.69781
77,24,TAI,USA,S-55,Helicopter,39,Taiwan,United States,1.2,46.8,46.8,-95.712891,37.09024,120.960515,23.69781
77,24,TAI,USA,U-2,Reconnaissance ac,18,Taiwan,United States,10.48,188.64,188.64,-95.712891,37.09024,120.960515,23.69781
77,31,THA,USA,Cessna-310,Light aircraft,2,Thailand,United States,0.35,0.7,0.7,-95.712891,37.09024,100.992541,15.870032
77,31,THA,USA,FPS-20,Air search radar,4,Thailand,United States,5.0,20.0,20.0,-95.712891,37.09024,100.992541,15.870032
77,31,THA,USA,FPS-6,Height-finding radar,4,Thailand,United States,3.5,14.0,14.0,-95.712891,37.09024,100.992541,15.870032
77,31,THA,USA,M-24 Chaffee,Light tank,100,Thailand,United States,0.3,30.0,30.0,-95.712891,37.09024,100.992541,15.870032
77,88,TUN,USA,M-41 Walker Bulldog,Light tank,12,Tunisia,United States,0.44,5.28,5.28,-95.712891,37.09024,9.537499,33.886917
77,47,TUR,USA,Balao,Submarine,3,Turkey,United States,15.452,46.356,46.356,-95.712891,37.09024,35.243322,38.963745
77,47,TUR,USA,F-100D Super Sabre,FGA aircraft,101,Turkey,United States,6.5,656.5,656.5,-95.712891,37.09024,35.243322,38.963745
77,47,TUR,USA,M-41 Walker Bulldog,Light tank,100,Turkey,United States,0.44,44.0,44.0,-95.712891,37.09024,35.243322,38.963745
77,47,TUR,USA,MIM-14 Nike Hercules,SAM,524,Turkey,United States,0.4,209.6,209.6,-95.712891,37.09024,35.243322,38.963745
77,47,TUR,USA,Nike Ajax/Hercules,SAM system,8,Turkey,United States,35.0,280.0,280.0,-95.712891,37.09024,35.243322,38.963745
77,89,UK,USA,AIM-9B Sidewinder,SRAAM,1000,United Kingdom,United States,0.04,40.0,40.0,-95.712891,37.09024,-3.435973,55.378051
77,89,UK,USA,APQ-43,Combat ac radar,210,United Kingdom,United States,0.25,52.5,52.5,-95.712891,37.09024,-3.435973,55.378051
77,89,UK,USA,Honest John TEL,Mobile SSM launcher,12,United Kingdom,United States,0.5,6.0,6.0,-95.712891,37.09024,-3.435973,55.378051
77,89,UK,USA,S-55,Helicopter,170,United Kingdom,United States,1.2,204.0,204.0,-95.712891,37.09024,-3.435973,55.378051
77,45,UNO,USA,Bell-47/OH-13,Light helicopter,6,United Nations**,United States,0.096,0.576,0.576,-95.712891,37.09024,65.865034,-25.559085
77,45,UNO,USA,DC-3/C-47 Skytrain,Transport aircraft,10,United Nations**,United States,1.0,10.0,10.0,-95.712891,37.09024,65.865034,-25.559085
77,45,UNO,USA,DHC-2 Beaver,Light aircraft,4,United Nations**,United States,0.152,0.608,0.608,-95.712891,37.09024,65.865034,-25.559085
77,45,UNO,USA,DHC-3 Otter,Light transport ac,2,United Nations**,United States,0.252,0.504,0.504,-95.712891,37.09024,65.865034,-25.559085
77,45,UNO,USA,PA-18/L-18/L-21,Light aircraft,6,United Nations**,United States,0.024,0.144,0.144,-95.712891,37.09024,65.865034,-25.559085
77,45,UNO,USA,S-55,Helicopter,2,United Nations**,United States,0.48,0.96,0.96,-95.712891,37.09024,65.865034,-25.559085
77,38,URU,USA,F-80 Shooting Star,Fighter aircraft,14,Uruguay,United States,1.2,16.8,16.8,-95.712891,37.09024,-55.765835,-32.522779
77,38,URU,USA,PA-18/L-18/L-21,Light aircraft,2,Uruguay,United States,0.06,0.12,0.12,-95.712891,37.09024,-55.765835,-32.522779
77,62,VEN,USA,Balao,Submarine,1,Venezuela,United States,15.452,15.452,15.452,-95.712891,37.09024,-66.58973,6.42375
77,62,VEN,USA,C-123B Provider,Transport aircraft,2,Venezuela,United States,2.1,4.2,4.2,-95.712891,37.09024,-66.58973,6.42375
77,62,VEN,USA,DC-3/C-47 Skytrain,Transport aircraft,5,Venezuela,United States,1.0,5.0,5.0,-95.712891,37.09024,-66.58973,6.42375
77,62,VEN,USA,PC-461,Patrol craft,12,Venezuela,United States,5.0,60.0,60.0,-95.712891,37.09024,-66.58973,6.42375
77,62,VEN,USA,Queen Air,Light transport ac,2,Venezuela,United States,0.6,1.2,1.2,-95.712891,37.09024,-66.58973,6.42375
77,76,VNS,USA,A-1 Skyraider,Ground attack ac,25,South Vietnam,United States,0.92,23.0,23.0,-95.712891,37.09024,65.865034,-25.559085
77,76,VNS,USA,Adjutant,Minesweeper,3,South Vietnam,United States,10.0,30.0,30.0,-95.712891,37.09024,65.865034,-25.559085
77,76,VNS,USA,LCT Mk-6,Landing craft,1,South Vietnam,United States,2.52,2.52,2.52,-95.712891,37.09024,65.865034,-25.559085
77,76,VNS,USA,PC-461,Patrol craft,1,South Vietnam,United States,5.0,5.0,5.0,-95.712891,37.09024,65.865034,-25.559085
77,93,YUG,USA,AIM-9B Sidewinder,SRAAM,1040,Yugoslavia,United States,0.04,41.6,41.6,-95.712891,37.09024,65.865034,-25.559085
77,93,YUG,USA,F-86D Sabre,Fighter aircraft,130,Yugoslavia,United States,1.7,221.0,221.0,-95.712891,37.09024,65.865034,-25.559085
77,93,YUG,USA,Higgins 78ft,FAC,96,Yugoslavia,United States,7.0,672.0,672.0,-95.712891,37.09024,65.865034,-25.559085
82,3,AFG,USR,BM-13 132mm,Self-propelled MRL,50,Afghanistan,Russia,0.096,4.8,4.8,105.318756,61.52401,67.709953,33.93911
82,3,AFG,USR,BS-3 100mm,Towed gun,250,Afghanistan,Russia,0.14,35.0,35.0,105.318756,61.52401,67.709953,33.93911
82,3,AFG,USR,BTR-152,APC,100,Afghanistan,Russia,0.13,13.0,13.0,105.318756,61.52401,67.709953,33.93911
82,3,AFG,USR,BTR-40,APC,100,Afghanistan,Russia,0.048,4.8,4.8,105.318756,61.52401,67.709953,33.93911
82,3,AFG,USR,PT-76,Light tank,50,Afghanistan,Russia,0.9,45.0,45.0,105.318756,61.52401,67.709953,33.93911
82,36,ALB,USR,BRDM-1,Reconnaissance AV,15,Albania,Russia,0.12,1.8,1.8,105.318756,61.52401,20.168331,41.153332
82,36,ALB,USR,M-1943 160mm,Mortar,100,Albania,Russia,0.06,6.0,6.0,105.318756,61.52401,20.168331,41.153332
82,36,ALB,USR,M-43 120mm,Mortar,550,Albania,Russia,0.05,27.5,27.5,105.318756,61.52401,20.168331,41.153332
82,36,ALB,USR,Project-1844/Toplivo,Tanker,2,Albania,Russia,7.5,15.0,15.0,105.318756,61.52401,20.168331,41.153332
82,36,ALB,USR,Project-254/T-43,Minesweeper,2,Albania,Russia,8.0,16.0,16.0,105.318756,61.52401,20.168331,41.153332
82,36,ALB,USR,Project-255/T-301,Minesweeper,6,Albania,Russia,2.48,14.88,14.88,105.318756,61.52401,20.168331,41.153332
82,36,ALB,USR,Project-613/Whiskey,Submarine,2,Albania,Russia,14.0,28.0,28.0,105.318756,61.52401,20.168331,41.153332
82,36,ALB,USR,Sekstan,Cargo ship,1,Albania,Russia,5.0,5.0,5.0,105.318756,61.52401,20.168331,41.153332
82,36,ALB,USR,SON-9/Fire Can,Fire control radar,28,Albania,Russia,0.24,6.72,6.72,105.318756,61.52401,20.168331,41.153332
82,83,BUL,USR,BTR-50,APC,700,Bulgaria,Russia,0.25,175.0,175.0,105.318756,61.52401,25.48583,42.733883
82,83,BUL,USR,K-5/AA-1,SRAAM,510,Bulgaria,Russia,0.04,20.4,20.4,105.318756,61.52401,25.48583,42.733883
82,83,BUL,USR,Mi-4PL,ASW helicopter,7,Bulgaria,Russia,5.0,35.0,35.0,105.318756,61.52401,25.48583,42.733883
82,83,BUL,USR,MiG-19,Fighter aircraft,55,Bulgaria,Russia,5.0,275.0,275.0,105.318756,61.52401,25.48583,42.733883
82,83,BUL,USR,P-12/Spoon Rest,Air search radar,10,Bulgaria,Russia,4.5,45.0,45.0,105.318756,61.52401,25.48583,42.733883
82,83,BUL,USR,P-15/Flat Face,Air search radar,10,Bulgaria,Russia,4.5,45.0,45.0,105.318756,61.52401,25.48583,42.733883
82,83,BUL,USR,PRV-11/Side Net,Height-finding radar,10,Bulgaria,Russia,4.0,40.0,40.0,105.318756,61.52401,25.48583,42.733883
82,83,BUL,USR,PT-76,Light tank,250,Bulgaria,Russia,0.9,225.0,225.0,105.318756,61.52401,25.48583,42.733883
82,83,BUL,USR,S-75 Dvina/SA-2,SAM system,30,Bulgaria,Russia,17.87,536.1,536.1,105.318756,61.52401,25.48583,42.733883
82,83,BUL,USR,Top Bow,Fire control radar,13,Bulgaria,Russia,2.0,26.0,26.0,105.318756,61.52401,25.48583,42.733883
82,83,BUL,USR,V-750/SA-2,SAM,750,Bulgaria,Russia,0.12,90.0,90.0,105.318756,61.52401,25.48583,42.733883
82,67,CHI,USR,An-2,Light transport ac,150,China,Russia,1.0,150.0,150.0,105.318756,61.52401,104.195397,35.86166
82,67,CHI,USR,BTR-152,APC,100,China,Russia,0.13,13.0,13.0,105.318756,61.52401,104.195397,35.86166
82,67,CHI,USR,BTR-40,APC,100,China,Russia,0.12,12.0,12.0,105.318756,61.52401,104.195397,35.86166
82,67,CHI,USR,D-20 152mm,Towed gun,10,China,Russia,0.5,5.0,5.0,105.318756,61.52401,104.195397,35.86166
82,67,CHI,USR,Il-28,Bomber aircraft,500,China,Russia,7.2,3600.0,3600.0,105.318756,61.52401,104.195397,35.86166
82,67,CHI,USR,K-13A/AA-2,SRAAM,25,China,Russia,0.04,1.0,1.0,105.318756,61.52401,104.195397,35.86166
82,67,CHI,USR,K-5/AA-1,SRAAM,250,China,Russia,0.04,10.0,10.0,105.318756,61.52401,104.195397,35.86166
82,67,CHI,USR,KS-1/AS-1,Anti-ship missile,75,China,Russia,0.45,33.75,33.75,105.318756,61.52401,104.195397,35.86166
82,67,CHI,USR,M-30 122mm,Towed gun,3000,China,Russia,0.45,1350.0,1350.0,105.318756,61.52401,104.195397,35.86166
82,67,CHI,USR,M-46 130mm,Towed gun,10,China,Russia,0.65,6.5,6.5,105.318756,61.52401,104.195397,35.86166
82,67,CHI,USR,Mi-4A,Helicopter,100,China,Russia,1.88,188.0,188.0,105.318756,61.52401,104.195397,35.86166
82,67,CHI,USR,MiG-15UTI,Trainer aircraft,125,China,Russia,3.0,450.0,375.0,105.318756,61.52401,104.195397,35.86166
82,67,CHI,USR,MiG-17,Fighter aircraft,1250,China,Russia,3.5,4375.0,4375.0,105.318756,61.52401,104.195397,35.86166
82,67,CHI,USR,MiG-17PF,Fighter aircraft,100,China,Russia,4.0,400.0,400.0,105.318756,61.52401,104.195397,35.86166
82,67,CHI,USR,MiG-19,Fighter aircraft,200,China,Russia,5.0,1000.0,1000.0,105.318756,61.52401,104.195397,35.86166
82,67,CHI,USR,MiG-21F-13,Fighter aircraft,10,China,Russia,9.0,90.0,90.0,105.318756,61.52401,104.195397,35.86166
82,67,CHI,USR,P-15/SS-N-2A,Anti-ship missile,100,China,Russia,0.6,60.0,60.0,105.318756,61.52401,104.195397,35.86166
82,67,CHI,USR,Project-183/P-6,FAC,45,China,Russia,10.0,450.0,450.0,105.318756,61.52401,104.195397,35.86166
82,67,CHI,USR,Project-254/T-43,Minesweeper,28,China,Russia,20.0,560.0,560.0,105.318756,61.52401,104.195397,35.86166
82,67,CHI,USR,Project-613/Whiskey,Submarine,21,China,Russia,35.0,735.0,735.0,105.318756,61.52401,104.195397,35.86166
82,67,CHI,USR,Project-633/Romeo,Submarine,4,China,Russia,48.0,192.0,192.0,105.318756,61.52401,104.195397,35.86166
82,67,CHI,USR,PT-76,Light tank,250,China,Russia,0.9,225.0,225.0,105.318756,61.52401,104.195397,35.86166
82,67,CHI,USR,S-75 Dvina/SA-2,SAM system,5,China,Russia,17.87,89.35,89.35,105.318756,61.52401,104.195397,35.86166
82,67,CHI,USR,SET-53 533mm,ASW torpedo,250,China,Russia,0.75,187.5,187.5,105.318756,61.52401,104.195397,35.86166
82,67,CHI,USR,SO-1,Patrol craft,2,China,Russia,15.0,30.0,30.0,105.318756,61.52401,104.195397,35.86166
82,67,CHI,USR,SS-C-2 CDS,Coast defence system,4,China,Russia,15.0,60.0,60.0,105.318756,61.52401,104.195397,35.86166
82,67,CHI,USR,T-54,Tank,3000,China,Russia,1.1,3300.0,3300.0,105.318756,61.52401,104.195397,35.86166
82,67,CHI,USR,V-750/SA-2,SAM,120,China,Russia,0.12,14.4,14.4,105.318756,61.52401,104.195397,35.86166
82,67,CHI,USR,Yak-18A,Trainer aircraft,150,China,Russia,0.19,28.5,28.5,105.318756,61.52401,104.195397,35.86166
82,61,CUB,USR,IS-2,Tank,41,Cuba,Russia,0.5,20.5,20.5,105.318756,61.52401,-77.781167,21.521757
82,61,CUB,USR,MiG-15UTI,Trainer aircraft,30,Cuba,Russia,3.0,90.0,90.0,105.318756,61.52401,-77.781167,21.521757
82,61,CUB,USR,SU-100,Self-propelled gun,100,Cuba,Russia,0.4,40.0,40.0,105.318756,61.52401,-77.781167,21.521757
82,61,CUB,USR,T-34-85,Tank,150,Cuba,Russia,0.38,57.0,57.0,105.318756,61.52401,-77.781167,21.521757
82,63,CZE,USR,Il-14,Transport aircraft,49,Czechoslovakia,Russia,4.0,196.0,196.0,105.318756,61.52401,65.865034,-25.559085
82,63,CZE,USR,Mi-1,Light helicopter,60,Czechoslovakia,Russia,0.3,18.0,18.0,105.318756,61.52401,65.865034,-25.559085
82,63,CZE,USR,MiG-15UTI,Trainer aircraft,50,Czechoslovakia,Russia,3.0,150.0,150.0,105.318756,61.52401,65.865034,-25.559085
82,63,CZE,USR,MiG-19,Fighter aircraft,53,Czechoslovakia,Russia,5.0,265.0,265.0,105.318756,61.52401,65.865034,-25.559085
82,63,CZE,USR,MiG-19PM,Fighter aircraft,50,Czechoslovakia,Russia,5.5,275.0,275.0,105.318756,61.52401,65.865034,-25.559085
82,63,CZE,USR,SON-9/Fire Can,Fire control radar,100,Czechoslovakia,Russia,0.6,60.0,60.0,105.318756,61.52401,65.865034,-25.559085
82,63,CZE,USR,T-54,Tank,1800,Czechoslovakia,Russia,1.1,1980.0,1980.0,105.318756,61.52401,65.865034,-25.559085
82,41,EGY,USR,An-2,Light transport ac,12,Egypt,Russia,1.0,12.0,12.0,105.318756,61.52401,30.802498,26.820553
82,41,EGY,USR,BM-13 132mm,Self-propelled MRL,40,Egypt,Russia,0.096,3.84,3.84,105.318756,61.52401,30.802498,26.820553
82,41,EGY,USR,KS-19 100mm,AA gun,300,Egypt,Russia,0.6,180.0,180.0,105.318756,61.52401,30.802498,26.820553
82,41,EGY,USR,M-30 122mm,Towed gun,200,Egypt,Russia,0.18,36.0,36.0,105.318756,61.52401,30.802498,26.820553
82,41,EGY,USR,M-43 120mm,Mortar,250,Egypt,Russia,0.05,12.5,12.5,105.318756,61.52401,30.802498,26.820553
82,41,EGY,USR,Mi-4A,Helicopter,40,Egypt,Russia,1.88,75.2,75.2,105.318756,61.52401,30.802498,26.820553
82,41,EGY,USR,Project-183/P-6,FAC,18,Egypt,Russia,10.0,180.0,180.0,105.318756,61.52401,30.802498,26.820553
82,41,EGY,USR,SON-9/Fire Can,Fire control radar,50,Egypt,Russia,0.6,30.0,30.0,105.318756,61.52401,30.802498,26.820553
82,41,EGY,USR,SON-9/Fire Can,Fire control radar,50,Egypt,Russia,0.6,30.0,30.0,105.318756,61.52401,30.802498,26.820553
82,75,FIN,USR,Il-28,Bomber aircraft,4,Finland,Russia,2.88,11.52,11.52,105.318756,61.52401,25.748151,61.92411
82,75,FIN,USR,T-54,Tank,50,Finland,Russia,1.1,55.0,55.0,105.318756,61.52401,25.748151,61.92411
82,75,FIN,USR,ZSU-57-2,SPAAG,12,Finland,Russia,1.2,14.4,14.4,105.318756,61.52401,25.748151,61.92411
82,21,GDR,USR,BRDM-1,Reconnaissance AV,100,Germany,Russia,0.12,12.0,12.0,105.318756,61.52401,10.451526,51.165691
82,21,GDR,USR,BTR-152,APC,759,Germany,Russia,0.13,98.67,98.67,105.318756,61.52401,10.451526,51.165691
82,21,GDR,USR,BTR-50,APC,200,Germany,Russia,0.25,50.0,50.0,105.318756,61.52401,10.451526,51.165691
82,21,GDR,USR,M-43 120mm,Mortar,250,Germany,Russia,0.05,12.5,12.5,105.318756,61.52401,10.451526,51.165691
82,21,GDR,USR,P-14/Tall King,Air search radar,3,Germany,Russia,7.0,21.0,21.0,105.318756,61.52401,10.451526,51.165691
82,21,GDR,USR,PT-76,Light tank,170,Germany,Russia,0.9,153.0,153.0,105.318756,61.52401,10.451526,51.165691
82,21,GDR,USR,SO-1,Patrol craft,16,Germany,Russia,15.0,240.0,240.0,105.318756,61.52401,10.451526,51.165691
82,21,GDR,USR,SON-9/Fire Can,Fire control radar,100,Germany,Russia,0.6,60.0,60.0,105.318756,61.52401,10.451526,51.165691
82,21,GDR,USR,T-54,Tank,500,Germany,Russia,1.1,550.0,550.0,105.318756,61.52401,10.451526,51.165691
82,21,GDR,USR,ZSU-57-2,SPAAG,129,Germany,Russia,1.2,154.8,154.8,105.318756,61.52401,10.451526,51.165691
82,19,GUI,USR,Il-14,Transport aircraft,4,Guinea,Russia,4.0,16.0,16.0,105.318756,61.52401,-9.696645,9.945587
82,19,GUI,USR,MiG-15UTI,Trainer aircraft,2,Guinea,Russia,1.2,2.4,2.4,105.318756,61.52401,-9.696645,9.945587
82,19,GUI,USR,MiG-17,Fighter aircraft,10,Guinea,Russia,1.4,14.0,14.0,105.318756,61.52401,-9.696645,9.945587
82,80,HUN,USR,BTR-50,APC,150,Hungary,Russia,0.25,37.5,37.5,105.318756,61.52401,19.503304,47.162494
82,80,HUN,USR,D-20 152mm,Towed gun,302,Hungary,Russia,0.5,151.0,151.0,105.318756,61.52401,19.503304,47.162494
82,80,HUN,USR,Il-14,Transport aircraft,10,Hungary,Russia,4.0,40.0,40.0,105.318756,61.52401,19.503304,47.162494
82,80,HUN,USR,Il-28,Bomber aircraft,24,Hungary,Russia,7.2,172.8,172.8,105.318756,61.52401,19.503304,47.162494
82,80,HUN,USR,M-43 120mm,Mortar,101,Hungary,Russia,0.05,5.05,5.05,105.318756,61.52401,19.503304,47.162494
82,80,HUN,USR,MiG-17,Fighter aircraft,40,Hungary,Russia,3.5,140.0,140.0,105.318756,61.52401,19.503304,47.162494
82,80,HUN,USR,MiG-19PM,Fighter aircraft,40,Hungary,Russia,5.5,220.0,220.0,105.318756,61.52401,19.503304,47.162494
82,80,HUN,USR,PT-76,Light tank,100,Hungary,Russia,0.9,90.0,90.0,105.318756,61.52401,19.503304,47.162494
82,80,HUN,USR,T-54,Tank,300,Hungary,Russia,1.1,330.0,330.0,105.318756,61.52401,19.503304,47.162494
82,72,INS,USR,Il-14,Transport aircraft,28,Indonesia,Russia,4.0,112.0,112.0,105.318756,61.52401,113.921327,-0.789275
82,72,INS,USR,Mi-4A,Helicopter,4,Indonesia,Russia,1.88,7.52,7.52,105.318756,61.52401,113.921327,-0.789275
82,72,INS,USR,Project-613/Whiskey,Submarine,12,Indonesia,Russia,14.0,168.0,168.0,105.318756,61.52401,113.921327,-0.789275
82,23,IRQ,USR,An-2,Light transport ac,14,Iraq,Russia,1.0,14.0,14.0,105.318756,61.52401,43.679291,33.223191
82,23,IRQ,USR,BTR-152,APC,200,Iraq,Russia,0.13,26.0,26.0,105.318756,61.52401,43.679291,33.223191
82,23,IRQ,USR,Il-14,Transport aircraft,15,Iraq,Russia,1.6,24.0,24.0,105.318756,61.52401,43.679291,33.223191
82,23,IRQ,USR,IS-3,Tank,25,Iraq,Russia,0.56,14.0,14.0,105.318756,61.52401,43.679291,33.223191
82,23,IRQ,USR,K-5/AA-1,SRAAM,100,Iraq,Russia,0.04,4.0,4.0,105.318756,61.52401,43.679291,33.223191
82,23,IRQ,USR,M-30 122mm,Towed gun,250,Iraq,Russia,0.18,45.0,45.0,105.318756,61.52401,43.679291,33.223191
82,23,IRQ,USR,MiG-19,Fighter aircraft,17,Iraq,Russia,2.0,34.0,34.0,105.318756,61.52401,43.679291,33.223191
82,23,IRQ,USR,Project-183/P-6,FAC,12,Iraq,Russia,10.0,120.0,120.0,105.318756,61.52401,43.679291,33.223191
82,23,IRQ,USR,SU-100,Self-propelled gun,250,Iraq,Russia,0.4,100.0,100.0,105.318756,61.52401,43.679291,33.223191
82,23,IRQ,USR,T-34-85,Tank,80,Iraq,Russia,0.38,30.4,30.4,105.318756,61.52401,43.679291,33.223191
82,23,IRQ,USR,T-54,Tank,250,Iraq,Russia,1.1,275.0,275.0,105.318756,61.52401,43.679291,33.223191
82,23,IRQ,USR,Yak-11,Trainer aircraft,15,Iraq,Russia,0.128,1.92,1.92,105.318756,61.52401,43.679291,33.223191
82,84,KON,USR,An-2,Light transport ac,100,North Korea,Russia,1.0,100.0,100.0,105.318756,61.52401,127.510093,40.339852
82,84,KON,USR,KS-19 100mm,AA gun,500,North Korea,Russia,0.6,300.0,300.0,105.318756,61.52401,127.510093,40.339852
82,84,KON,USR,Project-123/P-4,FAC,29,North Korea,Russia,9.0,261.0,261.0,105.318756,61.52401,127.510093,40.339852
82,84,KON,USR,Project-613/Whiskey,Submarine,4,North Korea,Russia,14.0,56.0,56.0,105.318756,61.52401,127.510093,40.339852
82,84,KON,USR,RPU-14 140mm,Towed MRL,50,North Korea,Russia,0.08,4.0,4.0,105.318756,61.52401,127.510093,40.339852
82,84,KON,USR,SO-1,Patrol craft,8,North Korea,Russia,15.0,120.0,120.0,105.318756,61.52401,127.510093,40.339852
82,84,KON,USR,SON-9/Fire Can,Fire control radar,320,North Korea,Russia,0.6,192.0,192.0,105.318756,61.52401,127.510093,40.339852
82,53,MON,USR,D-1 152mm,Towed gun,25,Mongolia,Russia,0.2,5.0,5.0,105.318756,61.52401,103.846656,46.862496
82,28,POL,USR,BTR-50,APC,200,Poland,Russia,0.25,50.0,50.0,105.318756,61.52401,19.145136,51.919438
82,28,POL,USR,K-5/AA-1,SRAAM,1500,Poland,Russia,0.04,60.0,60.0,105.318756,61.52401,19.145136,51.919438
82,28,POL,USR,M-30 122mm,Towed gun,280,Poland,Russia,0.45,126.0,126.0,105.318756,61.52401,19.145136,51.919438
82,28,POL,USR,Mi-1,Light helicopter,100,Poland,Russia,0.3,30.0,30.0,105.318756,61.52401,19.145136,51.919438
82,28,POL,USR,MiG-17,Fighter aircraft,337,Poland,Russia,3.5,1179.5,1179.5,105.318756,61.52401,19.145136,51.919438
82,28,POL,USR,MiG-17PF,Fighter aircraft,239,Poland,Russia,4.0,956.0,956.0,105.318756,61.52401,19.145136,51.919438
82,28,POL,USR,Project-254/T-43,Minesweeper,12,Poland,Russia,20.0,240.0,240.0,105.318756,61.52401,19.145136,51.919438
82,28,POL,USR,SON-9/Fire Can,Fire control radar,100,Poland,Russia,0.6,60.0,60.0,105.318756,61.52401,19.145136,51.919438
82,28,POL,USR,T-54,Tank,1500,Poland,Russia,1.1,1650.0,1650.0,105.318756,61.52401,19.145136,51.919438
82,28,POL,USR,ZSU-57-2,SPAAG,129,Poland,Russia,1.2,154.8,154.8,105.318756,61.52401,19.145136,51.919438
82,85,ROM,USR,K-5/AA-1,SRAAM,120,Romania,Russia,0.04,4.8,4.8,105.318756,61.52401,24.96676,45.943161
82,85,ROM,USR,M-30 122mm,Towed gun,248,Romania,Russia,0.45,111.6,111.6,105.318756,61.52401,24.96676,45.943161
82,85,ROM,USR,MiG-19PM,Fighter aircraft,10,Romania,Russia,5.5,55.0,55.0,105.318756,61.52401,24.96676,45.943161
82,85,ROM,USR,Project-123/P-4,FAC,12,Romania,Russia,3.6,43.2,43.2,105.318756,61.52401,24.96676,45.943161
82,85,ROM,USR,Project-255/T-301,Minesweeper,12,Romania,Russia,6.2,74.4,74.4,105.318756,61.52401,24.96676,45.943161
82,85,ROM,USR,SON-9/Fire Can,Fire control radar,100,Romania,Russia,0.6,60.0,60.0,105.318756,61.52401,24.96676,45.943161
82,51,SUD,USR,BRDM-1,Reconnaissance AV,5,Sudan,Russia,0.12,0.6,0.6,105.318756,61.52401,30.217636,12.862807
82,81,SYR,USR,IS-3,Tank,35,Syria,Russia,0.56,19.6,19.6,105.318756,61.52401,38.996815,34.802075
82,81,SYR,USR,M-1943 160mm,Mortar,25,Syria,Russia,0.06,1.5,1.5,105.318756,61.52401,38.996815,34.802075
82,81,SYR,USR,M-43 120mm,Mortar,250,Syria,Russia,0.05,12.5,12.5,105.318756,61.52401,38.996815,34.802075
82,81,SYR,USR,Project-123/P-4,FAC,16,Syria,Russia,3.6,57.6,57.6,105.318756,61.52401,38.996815,34.802075
82,81,SYR,USR,SU-100,Self-propelled gun,80,Syria,Russia,0.4,32.0,32.0,105.318756,61.52401,38.996815,34.802075
82,52,VN,USR,BS-3 100mm,Towed gun,250,Viet Nam,Russia,0.14,35.0,35.0,105.318756,61.52401,65.865034,-25.559085
82,52,VN,USR,ML-20 152mm,Towed gun,100,Viet Nam,Russia,0.2,20.0,20.0,105.318756,61.52401,65.865034,-25.559085
82,52,VN,USR,SO-1,Patrol craft,4,Viet Nam,Russia,15.0,60.0,60.0,105.318756,61.52401,65.865034,-25.559085
82,52,VN,USR,SU-85,Self-propelled gun,50,Viet Nam,Russia,0.28,14.0,14.0,105.318756,61.52401,65.865034,-25.559085
82,52,VN,USR,T-34-85,Tank,300,Viet Nam,Russia,0.38,114.0,114.0,105.318756,61.52401,65.865034,-25.559085
82,16,XLO,USR,Il-12,Transport aircraft,6,Pathet Lao (Laos)*,Russia,1.2,7.2,7.2,105.318756,61.52401,65.865034,-25.559085
82,16,XLO,USR,Po-2,Trainer aircraft,10,Pathet Lao (Laos)*,Russia,0.012,0.12,0.12,105.318756,61.52401,65.865034,-25.559085
82,16,XLO,USR,PT-76,Light tank,30,Pathet Lao (Laos)*,Russia,0.9,27.0,27.0,105.318756,61.52401,65.865034,-25.559085
82,93,YUG,USR,Mi-4A,Helicopter,16,Yugoslavia,Russia,1.88,30.08,30.08,105.318756,61.52401,65.865034,-25.559085
82,93,YUG,USR,ZSU-57-2,SPAAG,100,Yugoslavia,Russia,1.2,120.0,120.0,105.318756,61.52401,65.865034,-25.559085
48,60,ISR,XXS,M-4 Sherman,Tank,300,Israel,Unknown supplier(s),0.336,100.8,100.8,-12.843791,-24.545272,34.851612,31.046051
93,6,ETH,YUG,Higgins 78ft,FAC,2,Ethiopia,Yugoslavia,2.8,5.6,5.6,-12.843791,-24.545272,40.489673,9.145
